{
  "feature_names": [
    "avg_sent_len",
    "circle_kw",
    "code_ratio",
    "false_starts",
    "max_substr_repeat",
    "question_marks",
    "self_sim",
    "sent_len_std",
    "vocab_diversity"
  ],
  "scaler_mean": [
    15.186260556817716,
    0.16666666666666666,
    0.01320785358776515,
    0.49627263045793396,
    1.0649627263045793,
    0.17358892438764642,
    0.3239330617956663,
    8.52950152205966,
    0.6946112450860638
  ],
  "scaler_scale": [
    5.582404845307681,
    0.42601337765505487,
    0.012828944778893769,
    0.7665372078085051,
    0.24646007890864455,
    0.6137447733205607,
    0.10710218405835788,
    2.6553176630809747,
    0.0789101919463706
  ],
  "coefficients": [
    -0.06610767342436324,
    1.0804343344579086,
    -0.057374535508767435,
    1.2391121779007244,
    -0.29095370731719705,
    -0.25650351647778974,
    1.4917095592828418,
    0.0005048889194777043,
    -0.7541955769639693
  ],
  "intercept": -13.181529400637219
}