{
  "feature_names": [
    "avg_sent_len",
    "circle_kw",
    "code_ratio",
    "false_starts",
    "max_substr_repeat",
    "question_marks",
    "self_sim",
    "sent_len_std",
    "vocab_diversity",
    "bash_cmd_repeat",
    "file_read_repeat",
    "grep_pattern_repeat",
    "same_tool_streak",
    "tool_diversity",
    "unique_files_ratio"
  ],
  "scaler_mean": [
    14.154661562868569,
    0.3443396226415094,
    0.005893053580696902,
    0.8867924528301887,
    1.0471698113207548,
    0.19339622641509435,
    0.3206910820134141,
    8.8255112903855,
    0.6941840170896975,
    0.8490566037735849,
    1.7028301886792452,
    1.599056603773585,
    4.509433962264151,
    0.31223420185684303,
    0.7832902815214132
  ],
  "scaler_scale": [
    4.686615656494785,
    0.5822176518196819,
    0.007873850000054798,
    0.9983075746121272,
    0.21200193447400248,
    0.5096741222871303,
    0.08521361921986827,
    2.4641012264751136,
    0.055009546575084764,
    0.5283018867924532,
    1.9477591162506953,
    3.4565495742228673,
    2.4905303027739354,
    0.16140202193197464,
    0.30153741167212667
  ],
  "coefficients": [
    0.9633459935475329,
    0.2601159310861168,
    0.2225762268471639,
    0.010107950909543265,
    -0.10591552438902517,
    -0.06920901098996624,
    -0.02743349017888071,
    -0.19678537863067147,
    0.6306929118367136,
    1.2633709440260195,
    0.8749415976521497,
    1.5097784178228253,
    1.361013886321527,
    0.4072416066864351,
    0.47413391442691605
  ],
  "intercept": 0.9231204499854586
}