{
  "feature_names": [
    "avg_sent_len",
    "circle_kw",
    "code_ratio",
    "false_starts",
    "max_substr_repeat",
    "question_marks",
    "self_sim",
    "sent_len_std",
    "vocab_diversity",
    "bash_cmd_repeat",
    "file_read_repeat",
    "grep_pattern_repeat",
    "same_tool_streak",
    "tool_diversity",
    "unique_files_ratio"
  ],
  "scaler_mean": [
    15.165501298991655,
    0.16904879250862495,
    0.012944817493317076,
    0.5066535239034007,
    1.0650566781665844,
    0.17151306062099556,
    0.32434633032353327,
    8.541695618031397,
    0.6937388025376063,
    0.06554953178905865,
    0.1779201577131592,
    0.15179891572203055,
    0.1882700837851158,
    0.9550939942265715,
    0.9712584195827175
  ],
  "scaler_scale": [
    5.597506284494523,
    0.4299164154608103,
    0.012898404320055378,
    0.7840072775494622,
    0.2466258437238803,
    0.6056711834862419,
    0.10574105892850802,
    2.6546042161384786,
    0.07746600623156961,
    0.4022374045958619,
    0.8904428829961729,
    1.2283102815800233,
    0.7580944269512296,
    0.16433921308256272,
    0.13805378277961305
  ],
  "coefficients": [
    0.6489793031175075,
    0.9898783742613246,
    -1.5299311842212724,
    0.7046832499793906,
    -0.6154107337426111,
    -0.6008686316055959,
    0.17748213950668443,
    -0.39267900996816557,
    -0.5848633998641612,
    2.8384143153995622,
    -0.8557163818686572,
    -0.4301518649842461,
    -0.20872025868195523,
    -3.0292256452305826,
    -0.540735924469313
  ],
  "intercept": -6.733210794256677
}