{
  "feature_names": [
    "avg_sent_len",
    "circle_kw",
    "code_ratio",
    "false_starts",
    "max_substr_repeat",
    "question_marks",
    "self_sim",
    "sent_len_std",
    "vocab_diversity"
  ],
  "scaler_mean": [
    15.081619893316663,
    0.184688995215311,
    0.012465873874129518,
    0.5358851674641149,
    1.063157894736842,
    0.17559808612440192,
    0.3236042102579454,
    8.55952739329653,
    0.6945679090404995
  ],
  "scaler_scale": [
    5.507009125349408,
    0.4475932705167761,
    0.012611623298416268,
    0.80185449301092,
    0.24324673701666286,
    0.6040356711765755,
    0.10509444207484356,
    2.6380677478576033,
    0.0768255413741181
  ],
  "coefficients": [
    -0.7055121357358147,
    0.2130602682231856,
    -1.3588652728246855,
    0.35789077887119725,
    -0.030630738050957614,
    -0.2300401736902886,
    -0.1345696303901579,
    0.343352801457114,
    0.04623527068697866
  ],
  "intercept": -0.6094964949759759
}