{
  "model": "lr_content_v1",
  "features": [
    "match_ratio_5",
    "self_sim_max",
    "repeat_no_error",
    "cur_bash_and_match_ratio",
    "unique_err_sigs_6",
    "new_token_ratio_vs_5",
    "has_success_marker",
    "err_volume_ratio_vs_5"
  ],
  "weights": [
    1.3786052946091998,
    1.0899132544402699,
    0.21169269083060516,
    0.4504354197617543,
    -0.6645019632838726,
    -0.23144881698350284,
    -0.2010086500558019,
    -0.12253698018392915
  ],
  "intercept": -0.3363431464278361,
  "feature_mean": [
    0.5227391686637443,
    0.6494751010059957,
    0.5136423978070099,
    0.02470975639191042,
    0.3892631990299103,
    0.2642062159342709,
    0.08575073703084324,
    -0.19268542122695242
  ],
  "feature_std": [
    0.39806174883631584,
    0.46895063365507705,
    0.4998138503307197,
    0.14651542159898112,
    0.44628864089580594,
    0.3479566080623586,
    0.2799956216263046,
    0.861154387852224
  ],
  "training": {
    "n_rows": 290015,
    "n_stuck": 126610,
    "n_productive": 163405,
    "class_weight": {
      "0": 1.0,
      "1": 1.2906168549087749
    },
    "solver": "lbfgs",
    "C": 1.0
  }
}